StudentID,First,Last,Parent1Phone,Parent2Phone,ParentEmail
5162046,Johnetta,Abdallah,919-225-9345,919-715-3791,johnetta_abdallah@aol.com
8118237,Louvenia,Abney,306-256-9309,306-636-7201,louvenia_abney@hotmail.com
4273214,Tuyet,Abramovitz,905-790-7938,905-876-7283,tuyet.abramovitz@abramovitz.com
3334583,Geoffrey,Acey,847-222-1734,847-556-2909,geoffrey@gmail.com
7437473,Weldon,Acuff,847-353-2156,847-613-5866,wacuff@gmail.com
3046157,Olga,Adessa,905-775-6413,905-340-9290,oadessa@cox.net
5053664,Barbra,Adkin,718-201-3751,718-732-9475,badkin@hotmail.com
3762235,Fausto,Agramonte,212-313-1783,212-778-3063,fausto_agramonte@yahoo.com
562453,Delmy,Ahle,401-458-2547,401-559-8961,delmy.ahle@hotmail.com
2544130,Renato,Airhart,403-444-2250,403-232-4114,renato_airhart@hotmail.com
2770767,Dorothy,Aitken,905-554-3838,905-355-9556,dorothy.aitken@cox.net
3413346,Azalee,Aja,450-515-9694,450-933-2068,azalee.aja@cox.net
1042184,Kaycee,Alaibilla,604-992-6045,604-609-6898,kaycee.alaibilla@yahoo.com
6371735,Cammy,Albares,956-537-6195,956-841-7216,calbares@gmail.com
2260826,Denny,Amazan,604-239-4105,604-864-8071,denny@amazan.com
3473574,Oliva,Ambert,506-672-7328,506-593-5041,oambert@gmail.com
5618461,Frank,Amend,519-823-9369,519-225-9969,frank@yahoo.com
13765,Minna,Amigon,215-874-1229,215-422-8694,minna_amigon@yahoo.com
4514211,Jutta,Amyot,337-515-1438,337-991-8070,jamyot@hotmail.com
5157202,Nydia,Ancar,780-924-8022,780-910-8459,nydia.ancar@ancar.com
3110728,Tasia,Andreason,201-920-9002,201-969-7063,tasia_andreason@yahoo.com
2027823,Ahmed,Angalich,717-528-8996,717-632-5831,ahmed.angalich@angalich.com
6142715,Thaddeus,Ankeny,916-920-3571,916-459-2433,tankeny@ankeny.org
2114223,Melynda,Anstead,450-470-3593,450-261-4907,melynda@hotmail.com
8372565,Von,Aprigliano,604-986-3233,604-853-6594,von@aol.com
5454462,Judy,Aquas,269-756-7222,269-431-9464,jaquas@aquas.com
2726767,Paulina,Arand,204-636-8766,204-682-9423,paulina_arand@cox.net
2726241,Darci,Arau,819-294-4679,819-777-6760,darci@cox.net
6531186,Tegan,Arceo,732-730-2692,732-705-6719,tegan.arceo@arceo.org
4547516,Rhea,Aredondo,718-560-9537,718-280-4183,rhea_aredondo@cox.net
2625514,Aleisha,Areizaga,418-408-1640,418-915-1088,aareizaga@hotmail.com
6333332,Alyce,Arias,209-317-1801,209-242-7022,alyce@arias.org
3702422,Matthew,Armacost,705-417-7221,705-937-7391,matthew_armacost@gmail.com
248231,Lindsey,Arnoldi,250-387-4636,250-720-2097,larnoldi@arnoldi.com
4262628,Shawnna,Arredondo,613-996-1062,613-366-7946,sarredondo@arredondo.com
3214464,Loren,Asar,570-648-3035,570-569-2356,loren.asar@aol.com
6625118,Lynelle,Auber,973-860-8610,973-605-6492,lynelle_auber@gmail.com
1130760,Ressie,Auffrey,305-604-8981,305-287-4743,ressie.auffrey@yahoo.com
7551586,Jaclyn,Bachman,719-853-3600,719-223-2074,jaclyn@aol.com
6121403,Giovanna,Bacho,604-203-8085,604-451-5124,giovanna@cox.net
6045452,Elfriede,Bakeley,506-404-8558,506-956-6048,ebakeley@bakeley.com
1422172,Kris,Bala,905-848-5458,905-860-5785,kris_bala@gmail.com
6110252,Nickie,Balonek,604-556-1080,604-408-3115,nickie.balonek@balonek.com
1817265,Aliza,Baltimore,408-504-3552,408-425-1994,aliza@aol.com
2413567,Stephaine,Barfield,310-774-7643,310-968-1219,stephaine@barfield.com
161147,Glen,Bartolet,206-697-5796,206-389-1482,glen_bartolet@hotmail.com
8555356,Janna,Bastain,604-575-7837,604-519-7671,janna@bastain.com
3473772,Sharmaine,Batdorf,506-839-1630,506-707-6566,sharmaine_batdorf@batdorf.com
2626271,Carissa,Batman,541-326-4074,541-801-5717,carissa.batman@yahoo.com
6631621,Lourdes,Bauswell,613-903-7043,613-638-6682,lourdes_bauswell@aol.com
4244242,Merilyn,Bayless,408-758-5015,408-346-2180,merilyn_bayless@cox.net
5121606,Lakeesha,Beachel,604-352-7502,604-776-5963,lakeesha_beachel@aol.com
1731103,Louvenia,Beech,310-820-2117,310-652-2379,louvenia.beech@beech.com
2712617,Laurena,Begin,519-790-8660,519-942-6403,laurena.begin@begin.com
2067651,Leonor,Beilinson,613-338-5158,613-308-1865,leonor.beilinson@hotmail.com
2752771,Annamae,Beliles,604-877-2244,604-564-4259,abeliles@gmail.com
7030014,Paris,Bellis,519-909-5933,519-291-1819,paris@gmail.com
3764134,Irene,Benauides,506-251-3150,506-991-8808,irene.benauides@gmail.com
7105736,Gaynell,Benavente,807-284-2501,807-395-1502,gaynell@hotmail.com
7726454,Dahlia,Benett,418-344-9993,418-720-5596,dahlia_benett@aol.com
734231,Elvera,Benimadho,408-703-8505,408-440-8447,elvera.benimadho@cox.net
7654760,Kristofer,Bennick,812-368-1511,812-442-8544,kristofer.bennick@yahoo.com
1877243,Heike,Berganza,973-936-5095,973-822-8827,heike@gmail.com
7613787,Alaine,Bergesen,914-300-9193,914-654-1426,alaine_bergesen@cox.net
4536675,Chuck,Berggren,709-534-6576,709-374-6188,chuck@gmail.com
1227544,Bulah,Berkoff,519-309-5863,519-911-6087,bulah.berkoff@cox.net
6172644,Vilma,Berlanga,616-737-3085,616-568-4113,vberlanga@berlanga.com
4365772,Glenn,Berray,515-370-7348,515-372-1738,gberray@gmail.com
8254563,Asuncion,Berson,204-318-1929,204-696-6138,aberson@aol.com
3567164,Ira,Betterton,902-240-7029,902-579-3428,ira.betterton@yahoo.com
6827124,Rima,Bevelacqua,310-858-5079,310-499-4200,rima@cox.net
3371552,Jani,Biddy,206-711-6498,206-395-6284,jbiddy@yahoo.com
326225,Val,Bigaud,514-726-2573,514-233-5869,val_bigaud@aol.com
7618425,Mariann,Bilden,512-223-4791,512-742-1149,mariann.bilden@aol.com
6172574,Valentin,Billa,306-291-5073,306-316-7477,vbilla@yahoo.com
4353663,Verlene,Billow,905-486-5455,905-421-9573,vbillow@billow.com
7571665,Quentin,Birkner,952-702-7993,952-314-5871,qbirkner@aol.com
4032632,Viola,Bitsuie,818-864-4875,818-481-5787,viola@gmail.com
5623681,Alana,Blackmon,416-386-8947,416-983-4604,ablackmon@gmail.com
3717304,Kallie,Blackwood,415-315-2761,415-604-7609,kallie.blackwood@gmail.com
6238256,Sonia,Blan,709-512-6346,709-699-3892,sblan@blan.com
2321373,Frederica,Blunk,214-428-2285,214-529-1949,frederica_blunk@gmail.com
1143261,William,Boccard,514-606-4631,514-570-9479,william@gmail.com
6641154,Judy,Boerboom,709-560-7848,709-591-5287,jboerboom@boerboom.com
1507751,Brock,Bolognia,212-402-9216,212-617-5063,bbolognia@yahoo.com
3124328,Tawny,Bonventre,604-632-4346,604-611-1211,tbonventre@aol.com
3745485,Flo,Bookamer,308-726-2182,308-250-6987,flo.bookamer@cox.net
6571004,Annabelle,Boord,978-697-6263,978-289-7717,annabelle.boord@cox.net
4546776,Keneth,Borgman,602-919-4211,602-442-3092,keneth@yahoo.com
4116180,Alita,Borlace,807-289-5397,807-686-6411,alita_borlace@yahoo.com
4711012,Kristal,Bothe,709-976-5766,709-937-7068,kristal@hotmail.com
1241536,Carlee,Boulter,785-347-1805,785-253-7049,carlee.boulter@hotmail.com
5386535,Sharen,Bourbon,516-816-1541,516-749-3188,sbourbon@yahoo.com
3625453,Emerson,Bowley,608-336-7444,608-658-7940,emerson.bowley@bowley.org
3324350,Raina,Brachle,406-318-1515,406-374-7752,raina.brachle@brachle.org
6867273,Margurite,Brake,519-476-5983,519-248-6055,margurite.brake@yahoo.com
7263762,Tesha,Brang,514-432-5290,514-232-9502,tesha@aol.com
5035235,Gianna,Branin,403-337-7162,403-540-5944,gianna@aol.com
5412527,Wenona,Braseth,450-751-1928,450-619-1328,wenona.braseth@braseth.org
7810166,Trinidad,Bredernitz,514-561-2312,514-780-9059,trinidad@yahoo.com
6615732,Joni,Breland,847-519-5906,847-740-5304,joni_breland@cox.net
2325224,Coral,Brennick,450-480-7421,450-246-6043,coral.brennick@brennick.com
3584562,Hortencia,Bresser,902-256-6791,902-370-8282,hbresser@aol.com
1743174,Jina,Briddick,617-399-5124,617-997-5771,jina_briddick@briddick.com
2460415,Junita,Brideau,973-943-3423,973-582-5469,jbrideau@aol.com
6767344,Nicolette,Brossart,508-837-9230,508-504-6388,nicolette_brossart@brossart.com
3334157,Winfred,Brucato,208-252-4552,208-793-4108,winfred_brucato@hotmail.com
7472151,Danica,Bruschke,254-782-8569,254-205-1422,danica_bruschke@gmail.com
8841710,Maxima,Brzozowski,905-569-6732,905-595-2866,mbrzozowski@aol.com
2252154,Floyd,Bub,416-557-9767,416-988-1063,fbub@bub.com
7176047,Alecia,Bubash,940-276-7922,940-302-3036,alecia@aol.com
4142502,Yan,Bubrig,506-493-4894,506-822-2002,yan@cox.net
5723765,Alease,Buemi,303-301-4946,303-521-9860,alease@buemi.com
6215623,Edmond,Buettner,450-829-7834,450-808-1619,edmond_buettner@buettner.org
3358383,Hershel,Bultron,519-844-4835,519-782-2362,hershel_bultron@bultron.org
6513781,Lauran,Burnard,307-342-7795,307-453-7589,lburnard@burnard.com
3756627,Timothy,Bussert,416-521-5624,416-250-5767,timothy@bussert.com
4463326,James,Butt,504-621-8927,504-845-1427,jbutt@gmail.com
1875437,Rodolfo,Butzen,507-210-3510,507-590-5237,rodolfo@hotmail.com
1262527,Tawna,Buvens,212-674-9610,212-462-9157,tawna@gmail.com
2135224,France,Buzick,718-478-8504,718-853-3740,france.buzick@yahoo.com
8050444,Ronny,Caiafa,215-605-7570,215-511-3531,ronny.caiafa@caiafa.org
377836,Kiley,Caldarera,310-498-5651,310-254-3084,kiley.caldarera@aol.com
6515447,Brandon,Callaro,808-215-6832,808-240-5168,brandon_callaro@hotmail.com
5842044,Raymon,Calvaresi,317-825-4724,317-342-1532,raymon.calvaresi@gmail.com
1833320,Edelmira,Calzado,306-611-7185,306-432-3860,edelmira@hotmail.com
6533517,Roxane,Campain,907-231-4722,907-335-6568,roxane@hotmail.com
5535270,Sarah,Candlish,770-732-1194,770-531-2842,sarah.candlish@gmail.com
5153126,Fletcher,Caneles,905-992-1637,905-974-3091,fcaneles@caneles.com
7407246,Erinn,Canlas,973-767-3008,973-563-9502,erinn.canlas@canlas.com
2558165,Shasta,Canonico,705-531-2796,705-277-5384,shasta_canonico@aol.com
6267616,Galen,Cantres,216-600-6111,216-871-6876,galen@yahoo.com
7221575,Yvette,Capiga,403-919-6456,403-642-8023,yvette.capiga@yahoo.com
8472224,Scarlet,Cartan,229-735-3378,229-365-9658,scarlet.cartan@yahoo.com
8687660,Lashaun,Casteneda,780-751-5370,780-433-1426,lashaun.casteneda@casteneda.com
2062615,Tandra,Castillanos,905-715-9339,905-844-6061,tcastillanos@castillanos.com
5675822,Annmarie,Castros,936-751-7961,936-937-2334,annmarie_castros@gmail.com
5622347,Jarod,Catalina,705-369-2146,705-915-3282,jcatalina@aol.com
5737136,Chanel,Caudy,913-388-2079,913-899-1103,chanel.caudy@caudy.org
8524541,Lisha,Centini,703-235-3937,703-475-7568,lisha@centini.org
2142072,Delsie,Cerao,506-795-5209,506-336-7043,delsie.cerao@cerao.org
4687546,Willetta,Cesa,902-981-7382,902-906-9598,willetta_cesa@gmail.com
7536502,Angella,Cetta,808-892-7943,808-475-2310,angella.cetta@hotmail.com
6403174,Jess,Chaffins,212-510-4633,212-428-9538,jess.chaffins@chaffins.org
3315842,Roslyn,Chavous,601-234-9632,601-973-5754,roslyn.chavous@chavous.org
8446376,Dorothy,Chesterfield,858-617-7834,858-732-1884,dorothy@cox.net
3343074,Marya,Chhour,403-382-4146,403-980-7897,marya@cox.net
8202166,Devorah,Chickering,505-975-8559,505-950-1763,devorah@hotmail.com
4123612,Cortney,Choice,450-339-6016,450-498-1871,cortney.choice@choice.com
5575642,Ocie,Chreene,613-756-9548,613-565-6742,ocie.chreene@aol.com
3853114,Andree,Christmann,519-872-6826,519-648-4096,andree.christmann@cox.net
2375705,Ezekiel,Chui,410-669-1642,410-235-8738,ezekiel@chui.com
2737288,William,Cilento,403-251-6126,403-444-7192,william.cilento@gmail.com
1164426,Mammie,Cisney,514-205-4258,514-841-9635,mammie@cox.net
8711638,Jeanice,Claucherty,305-988-4162,305-306-7834,jeanice.claucherty@yahoo.com
5570734,Buddy,Cloney,440-989-5826,440-327-2093,buddy.cloney@yahoo.com
4075417,Christa,Cloutier,403-461-2407,403-717-1591,ccloutier@hotmail.com
5641312,Aimee,Clozza,613-804-8102,613-832-9403,aimee_clozza@clozza.org
6170541,Brunilda,Coin,506-327-7460,506-881-6523,brunilda_coin@aol.com
6813134,Cecilia,Colaizzo,608-382-4541,608-302-3387,cecilia_colaizzo@colaizzo.com
4458257,Georgiana,Colbath,450-409-1254,450-825-8316,gcolbath@hotmail.com
5346247,Zona,Colla,203-461-1949,203-938-2557,zona@hotmail.com
6318457,Chu,Collopy,819-677-1206,819-899-7304,chu@aol.com
8852561,Daniela,Comnick,609-200-8577,609-398-2805,dcomnick@cox.net
1307140,Maricela,Conger,604-568-1899,604-930-7621,mconger@aol.com
1540223,Eun,Coody,864-256-3620,864-594-4578,eun@yahoo.com
3548277,Carmela,Cookey,773-494-4195,773-297-9391,ccookey@cookey.org
6252582,Candida,Corbley,908-275-8357,908-943-6103,candida_corbley@hotmail.com
1733214,Rosio,Cork,336-243-5659,336-497-4407,rosio.cork@gmail.com
337756,Shaniqua,Corna,416-573-9093,416-693-2920,shaniqua@yahoo.com
2858536,Nathalie,Corners,705-736-4801,705-651-4065,nathalie_corners@corners.org
2273236,Beatriz,Corrington,508-584-4279,508-315-3867,beatriz@yahoo.com
7708510,Ammie,Corrio,614-801-9788,614-648-3265,ammie@corrio.com
7514732,Karina,Cortesi,450-252-9611,450-552-3691,karina_cortesi@hotmail.com
1645134,Willie,Coughlan,819-869-6389,819-816-5427,willie@aol.com
4040207,Shoshana,Courter,519-396-2906,519-248-6688,shoshana@courter.org
8412701,Sylvia,Cousey,410-209-9545,410-863-8263,sylvia_cousey@cousey.org
8646178,Detra,Coyier,410-739-9277,410-259-2118,detra@aol.com
6147281,Lezlie,Craghead,919-533-3762,919-885-2453,lezlie.craghead@craghead.org
347631,Tamera,Crocker,780-833-7024,780-277-9997,tcrocker@cox.net
2726333,Louisa,Cronauer,510-828-7047,510-472-7758,louisa@cronauer.com
230322,Delisa,Crupi,973-354-2040,973-847-9611,delisa.crupi@crupi.com
6661532,Joseph,Cryer,714-584-2237,714-698-2170,joseph_cryer@cox.net
6134336,Shannan,Cupit,416-266-5891,416-311-5786,shannan@cox.net
384473,Bethanie,Cutsforth,519-328-4250,519-260-7499,bethanie_cutsforth@cutsforth.org
5577385,Blythe,Czaplinski,403-775-4053,403-660-6436,blythe_czaplinski@czaplinski.com
8147308,Jerry,Dallen,804-762-9576,804-808-9574,jerry.dallen@yahoo.com
4720231,Thora,Daneker,819-648-4049,819-419-1891,tdaneker@daneker.com
2682613,Josephine,Darakjy,810-292-9388,810-374-9840,josephine_darakjy@darakjy.org
7526250,Lenita,Darbro,250-749-4517,250-607-3667,lenita@yahoo.com
4320173,Cyril,Daufeldt,212-745-8484,212-422-5427,cyril_daufeldt@daufeldt.com
4733773,Thersa,Davirro,250-540-5275,250-359-4646,thersa.davirro@aol.com
8552121,Loise,Dedaj,306-964-9291,306-310-4288,loise@aol.com
2404323,Kenneth,Degennaro,506-763-6456,506-220-8258,kenneth.degennaro@aol.com
4858633,Joesph,Degonia,510-677-9785,510-942-5916,joesph_degonia@degonia.org
235854,Novella,Degroot,808-477-4775,808-746-1865,novella_degroot@degroot.org
3434526,Devon,Delacerda,250-525-4631,250-811-7716,devon@hotmail.com
6314411,Mona,Delasancha,307-403-1488,307-816-7115,mdelasancha@hotmail.com
2138534,Erin,Delbosque,450-316-7813,450-491-8703,erin@cox.net
7708361,Carin,Deleo,501-308-1040,501-409-6072,cdeleo@deleo.com
624425,Herman,Demesa,518-497-2940,518-931-7852,hdemesa@cox.net
4675147,Avery,Demus,604-548-4412,604-855-5368,avery.demus@aol.com
5622610,Haydee,Denooyer,212-792-8658,212-782-3493,hdenooyer@denooyer.org
8753727,Jacinta,Deppen,250-203-5054,250-989-4833,jdeppen@cox.net
716723,Bev,Dermo,604-880-6351,604-342-4113,bev.dermo@dermo.com
1111368,Sherell,Despain,604-344-4458,604-936-4021,sdespain@hotmail.com
6245601,Diane,Devreese,816-557-9673,816-329-5565,diane@cox.net
4852633,Izetta,Dewar,410-473-1708,410-522-7621,idewar@dewar.com
2413650,Barney,Dewer,902-287-1148,902-440-9745,bdewer@gmail.com
6361536,Derick,Dhamer,212-304-4515,212-225-9676,ddhamer@cox.net
3672702,Dominque,Dickerson,510-993-3758,510-901-7640,dominque.dickerson@dickerson.org
7645254,Troy,Dicus,613-938-7999,613-442-6727,troy_dicus@yahoo.com
5676144,Dorcas,Diebold,905-860-8703,905-269-7682,dorcas_diebold@diebold.com
661138,Lonna,Diestel,910-922-3672,910-200-7912,lonna_diestel@gmail.com
1442273,Gussie,Diflorio,613-857-7922,613-785-7152,gussie_diflorio@cox.net
5527847,Bette,Digiovanni,519-882-6434,519-206-1305,bette.digiovanni@digiovanni.org
4217214,Lindsey,Dilello,909-639-9887,909-589-1693,lindsey.dilello@hotmail.com
6738564,Leota,Dilliard,408-752-3500,408-813-1105,leota@hotmail.com
871547,Ivette,Dills,902-244-5318,902-899-7285,idills@cox.net
3614732,Justa,Dini,250-982-9377,250-460-8500,justa.dini@hotmail.com
4462217,Daron,Dinos,847-233-3075,847-265-6609,daron_dinos@cox.net
6226673,Xochitl,Discipio,512-233-1831,512-942-3411,xdiscipio@gmail.com
4645751,Kindra,Dishong,613-510-3295,613-620-3122,kdishong@gmail.com
7875377,Daniel,Dobler,506-617-2607,506-951-8403,ddobler@dobler.com
6226406,Carey,Dopico,317-578-2453,317-441-5848,carey_dopico@dopico.org
4067511,Emile,Dorio,450-529-3773,450-775-4103,edorio@cox.net
1726433,Wynell,Dorshorst,650-473-1262,650-749-9879,wynell_dorshorst@dorshorst.org
3512115,An,Dosal,819-324-8832,819-789-9431,adosal@hotmail.com
4733533,Caren,Doscher,403-344-3614,403-519-4344,cdoscher@doscher.org
41158,Kenneth,Drizin,819-999-6396,819-572-9764,kdrizin@aol.com
5117334,Jennie,Drymon,570-218-4831,570-868-8688,jennie@cox.net
2113782,Pete,Dubaldi,201-825-2514,201-749-8866,pdubaldi@hotmail.com
7613656,Precious,Dubray,705-607-6992,705-628-6331,precious.dubray@dubray.com
7464521,Ilona,Dudash,819-536-7034,819-413-1530,idudash@dudash.com
1724143,Kimberlie,Duenas,785-629-8542,785-616-1685,kimberlie_duenas@yahoo.com
2373784,Titus,Dugre,819-983-1846,819-842-7631,titus.dugre@dugre.org
6056457,Miss,Dunning,306-508-8874,306-844-7974,mdunning@gmail.com
7647732,Sharika,Eanes,407-312-1691,407-472-1332,sharika.eanes@aol.com
3246307,Adela,Echegoyen,604-571-8392,604-693-8094,adela.echegoyen@echegoyen.org
5445,Viola,Eddens,506-772-3108,506-649-5102,veddens@eddens.org
4274720,Hannah,Edmison,604-334-3686,604-692-7694,hannah@yahoo.com
5470364,Denae,Eggers,204-341-2445,204-723-2394,denae_eggers@gmail.com
7371774,Kristel,Ehmann,915-452-1290,915-300-6100,kristel.ehmann@aol.com
1842627,Rutha,Eisert,905-468-2503,905-288-1333,rutha@eisert.com
7112208,Mabel,Elmquist,204-285-3978,204-272-6023,mabel_elmquist@elmquist.com
8080343,Jenifer,Emanuel,250-947-2063,250-845-8934,jemanuel@emanuel.com
6245312,Franklyn,Emard,215-558-8189,215-483-3003,femard@emard.com
420463,Stephen,Emigh,330-537-5358,330-700-2312,stephen_emigh@hotmail.com
1274644,Catina,Emmert,807-652-2563,807-393-4181,catina@gmail.com
1484624,Johnna,Engelberg,425-986-7573,425-700-3751,jengelberg@engelberg.org
4426334,Teri,Ennaco,570-889-5187,570-355-1665,tennaco@gmail.com
370412,Gregg,Epperheimer,514-302-4158,514-293-8889,gepperheimer@aol.com
6252075,Jules,Erichsen,905-929-8054,905-671-9830,jules@cox.net
4420550,Ilene,Eroman,410-914-9018,410-937-4543,ilene.eroman@hotmail.com
6767650,Christiane,Eschberger,602-390-4944,602-330-6894,christiane.eschberger@yahoo.com
1223285,Ming,Eskew,250-228-6798,250-224-3850,ming_eskew@eskew.com
1177373,Roselle,Estell,419-571-5920,419-488-6648,roselle.estell@hotmail.com
5646612,Keith,Evartt,506-229-5393,506-807-4021,kevartt@evartt.com
6164726,Ellen,Fajen,780-720-7927,780-624-5869,ellen.fajen@aol.com
821538,Jennifer,Fallick,847-979-9545,847-800-3054,jfallick@yahoo.com
7246285,Jade,Farrar,803-352-5387,803-975-3405,jade.farrar@yahoo.com
5246211,Arthur,Farrow,201-238-5688,201-772-4377,arthur.farrow@yahoo.com
1784332,Bong,Fears,514-308-1992,514-798-2801,bfears@fears.org
5331577,Truman,Feichtner,973-852-2736,973-473-5108,tfeichtner@yahoo.com
3703564,Twana,Felger,503-939-3153,503-909-7167,twana.felger@felger.org
6542558,Erick,Ferencz,907-741-1044,907-227-6777,erick.ferencz@aol.com
5580276,Natalie,Fern,307-704-8713,307-279-3793,natalie.fern@hotmail.com
2111422,Justine,Ferrario,909-993-3242,909-631-5703,jferrario@hotmail.com
7224623,Bernardo,Figeroa,936-336-3951,936-597-3614,bfigeroa@aol.com
7122572,Skye,Fillingim,612-508-2655,612-664-6304,skye_fillingim@yahoo.com
4452746,Susy,Finstad,403-571-8756,403-470-2657,sfinstad@aol.com
6328462,Chandra,Firlik,905-451-3719,905-979-1749,chandra@gmail.com
2773571,Yoko,Fishburne,203-506-4706,203-840-8634,yoko@fishburne.com
1573561,Marshall,Fitgerald,403-918-5509,403-247-8676,marshall_fitgerald@cox.net
4436077,Essie,Fitzke,506-785-2719,506-849-4017,essie_fitzke@fitzke.org
6325657,Lucia,Flipp,416-870-8070,416-938-6909,lucia@aol.com
4388827,Jesusita,Flister,717-885-9118,717-686-7564,jesusita.flister@hotmail.com
277725,Fletcher,Flosi,815-828-2147,815-426-5657,fletcher.flosi@yahoo.com
7741426,Murray,Fode,514-921-5562,514-750-8459,mfode@yahoo.com
1534844,Donette,Foller,513-570-1893,513-549-4561,donette.foller@cox.net
2171800,Pamella,Fortino,303-404-2210,303-794-1341,pamella@fortino.com
2542630,Maddie,Foulds,514-874-9519,514-545-7912,maddie@hotmail.com
4743576,Mabel,Fower,418-339-7473,418-795-6863,mabel_fower@fower.com
4571581,Rolland,Francescon,973-649-2922,973-284-4048,rolland@cox.net
1256751,Tiera,Frankel,626-636-4117,626-638-4241,tfrankel@aol.com
7000836,Anissa,Frayer,604-925-4225,604-973-3843,afrayer@frayer.com
7581040,Helga,Fredicks,716-752-4114,716-854-9845,helga_fredicks@yahoo.com
7705078,Sommer,Frere,450-777-9643,450-890-4500,sfrere@yahoo.com
7380453,Mireya,Frerking,914-868-5965,914-883-3061,mireya.frerking@hotmail.com
7568732,Theola,Frey,516-948-5768,516-357-3362,theola_frey@frey.com
4362185,Ailene,Friedman,506-907-7068,506-631-8304,ailene@yahoo.com
6160373,Lasandra,Frisinger,604-210-7413,604-366-8983,lfrisinger@cox.net
3646754,An,Fritz,609-228-5265,609-854-7156,an_fritz@hotmail.com
6073772,Effie,Frymark,519-433-4142,519-589-2250,effie_frymark@gmail.com
4151320,Lyla,Fucillo,902-844-1174,902-727-6846,lyla_fucillo@cox.net
8042533,Izetta,Funnell,770-844-3447,770-584-4119,izetta.funnell@hotmail.com
7454610,Janey,Gabisi,608-967-7194,608-586-6912,jgabisi@hotmail.com
7781762,Britt,Galam,215-888-3304,215-351-8523,britt@galam.org
5832511,Marla,Gallati,514-872-9323,514-803-7622,mgallati@gmail.com
4575613,Stephanie,Garlett,613-557-7338,613-998-1215,stephanie.garlett@gmail.com
8362111,Meaghan,Garufi,931-313-9635,931-235-7959,meaghan@hotmail.com
2651822,Lai,Gato,847-728-7286,847-957-4614,lai.gato@gato.org
4466377,Eric,Gazzola,418-274-7373,418-389-1370,eric@cox.net
8424253,Merri,Geberth,204-894-9221,204-710-5400,merri.geberth@geberth.com
427773,Aja,Gehrett,973-544-2677,973-986-4456,aja_gehrett@hotmail.com
4811677,Brandon,Geigel,604-940-9313,604-894-9406,bgeigel@gmail.com
6378751,Joaquin,Geitner,403-640-8755,403-999-6332,joaquin_geitner@cox.net
8151614,Gearldine,Gellinger,972-934-6914,972-821-7118,gearldine_gellinger@gellinger.com
2028773,Herschel,Geneseo,416-786-7887,416-325-4082,herschel@geneseo.com
8117331,Micah,Gerten,709-581-5842,709-472-4405,micah@cox.net
5156147,Rebecka,Gesick,512-213-8574,512-693-8345,rgesick@gesick.org
4232820,Cory,Gibes,626-572-1096,626-696-2777,cory.gibes@gmail.com
6241721,Yesenia,Giglio,506-858-9797,506-709-4563,yesenia@cox.net
4335574,Wilda,Giguere,907-870-5536,907-914-9482,wilda@cox.net
2772578,Brittni,Gillaspie,208-709-1235,208-206-9848,bgillaspie@gillaspie.com
3557812,Adria,Gilliam,905-563-9396,905-791-6993,adria_gilliam@cox.net
8361764,Valentine,Gillian,210-812-9597,210-300-6244,valentine_gillian@gmail.com
2708665,Catarina,Gleich,973-210-3994,973-491-8723,catarina_gleich@hotmail.com
2403324,Albina,Glick,732-924-7882,732-782-6701,albina@glick.com
4435537,Leonida,Gobern,228-235-5615,228-432-4635,leonida@gobern.org
4065153,Freeman,Gochal,610-476-3501,610-752-2683,freeman_gochal@aol.com
7627000,Mable,Goerke,416-867-5879,416-871-4317,mable_goerke@cox.net
5731113,Cyndy,Goldammer,952-334-9408,952-938-9457,cgoldammer@cox.net
1860118,Casie,Good,615-390-2251,615-825-4297,casie.good@aol.com
5666165,Nieves,Gotter,503-527-5274,503-455-3094,nieves_gotter@gmail.com
4262763,Rene,Granier,403-438-9257,403-894-8420,rene@cox.net
8725277,Shonda,Greenbush,973-482-2430,973-644-2974,shonda_greenbush@cox.net
680325,Yasuko,Greeves,250-891-6910,250-302-7554,ygreeves@cox.net
8414244,Kenneth,Grenet,517-499-2322,517-867-8077,kenneth.grenet@grenet.org
8704814,Loreen,Griepentrog,613-684-4467,613-959-2224,loreen_griepentrog@aol.com
4638441,Suzi,Groom,604-700-2946,604-811-1777,suzi.groom@groom.org
3674156,Carman,Gudiel,709-366-8943,709-882-9189,carman@gmail.com
5863218,Larae,Gudroe,985-890-7262,985-261-5783,larae_gudroe@gmail.com
2166515,Michal,Gunyan,418-399-6819,418-652-4085,michal_gunyan@gunyan.com
170118,Elouise,Gwalthney,301-841-5012,301-591-3034,egwalthney@yahoo.com
5735664,Gearldine,Haberle,403-810-3712,403-242-6060,gearldine_haberle@hotmail.com
2376143,Leatha,Hagele,214-339-1809,214-225-5850,lhagele@cox.net
8822140,Barney,Hagen,450-526-5424,450-755-7626,barney@yahoo.com
5352563,Jillian,Hailstone,905-864-2257,905-995-7113,jhailstone@yahoo.com
4437787,Mila,Hair,514-945-2978,514-363-9034,mhair@cox.net
1820332,Elena,Hairr,709-399-4807,709-427-8386,ehairr@hotmail.com
6366561,Nobuko,Halsey,508-855-9887,508-897-7916,nobuko.halsey@yahoo.com
315465,Helaine,Halter,201-832-4168,201-412-3040,hhalter@yahoo.com
2726775,Charlene,Hamilton,707-300-1771,707-821-8037,charlene.hamilton@hotmail.com
1036410,Jolanda,Hanafan,207-458-9196,207-233-6185,jhanafan@gmail.com
6516145,Robt,Hankison,418-874-8104,418-997-2257,robt_hankison@cox.net
6084517,Lai,Harabedian,415-423-3294,415-926-6089,lai@gmail.com
1055540,Luisa,Harnish,604-399-1449,604-967-7334,lharnish@harnish.com
363856,Trevor,Harnist,902-782-2576,902-641-1009,trevor.harnist@hotmail.com
2265584,Ryan,Harnos,972-558-1665,972-961-4968,ryan@cox.net
6125471,Cheryl,Haroldson,609-518-7697,609-263-9243,cheryl@haroldson.org
8645862,Kelvin,Hasha,780-227-7373,780-756-7823,khasha@hotmail.com
3611271,Doyle,Hathcox,250-227-4140,250-403-8074,doyle.hathcox@aol.com
2514751,Josue,Hatherly,416-337-2239,416-236-8860,jhatherly@hatherly.org
5867348,Fabiola,Hauenstein,717-809-3119,717-344-2804,fabiola.hauenstein@hauenstein.org
5377235,Harrison,Haufler,203-801-6193,203-801-8497,hhaufler@hotmail.com
6255623,Florinda,Haycock,819-820-6568,819-888-4209,florinda_haycock@cox.net
1120768,Lottie,Hegdahl,905-638-1034,905-780-4717,lottie_hegdahl@aol.com
6024478,Clorinda,Heimann,760-291-5497,760-261-4786,clorinda.heimann@hotmail.com
2332384,Rosann,Heinricher,450-474-6397,450-357-6461,rosann_heinricher@heinricher.com
7527614,Samira,Heintzman,206-311-4137,206-923-6042,sheintzman@hotmail.com
7451655,Latonia,Helander,905-723-5674,905-209-4309,latonia@helander.com
8752584,Dottie,Hellickson,206-540-6076,206-295-5631,dottie@hellickson.org
7766604,Coral,Helmcamp,416-589-6075,416-469-6933,coral.helmcamp@helmcamp.org
6221852,Lavonda,Hengel,701-898-2154,701-421-7080,lavonda@cox.net
3437724,Marleen,Hennon,604-545-3662,604-469-6870,marleen_hennon@aol.com
4443765,Mozelle,Hermon,506-573-3112,506-834-4114,mozelle_hermon@cox.net
1381417,Kirk,Herritt,607-407-3716,607-350-7690,kirk.herritt@aol.com
6217162,Lang,Heuring,519-985-7311,519-864-3447,lang@cox.net
5467567,Marguerita,Hiatt,925-634-7158,925-541-8521,marguerita.hiatt@gmail.com
3856715,Dorthy,Hidvegi,208-649-2373,208-690-3315,dhidvegi@yahoo.com
646551,Elfrieda,Hinsch,250-454-9384,250-243-5520,elfrieda_hinsch@hinsch.org
7340555,Felix,Hirpara,717-491-5643,717-583-1497,felix_hirpara@cox.net
8155508,Alesia,Hixenbaugh,202-646-7516,202-276-6826,alesia_hixenbaugh@hixenbaugh.org
522651,Clay,Hoa,775-501-8109,775-848-9135,choa@hoa.org
1751264,Malinda,Hochard,317-722-5066,317-472-2412,malinda.hochard@yahoo.com
4773155,Georgiann,Hoerter,819-632-2869,819-695-5561,georgiann_hoerter@hoerter.com
5013702,Argelia,Hofbauer,604-823-2881,604-904-3459,argelia.hofbauer@cox.net
3343571,Roosevelt,Hoffis,305-622-4739,305-302-1135,roosevelt.hoffis@aol.com
8461172,Cecily,Hollack,512-486-3817,512-861-3814,cecily@hollack.org
1712543,Arlette,Honeywell,904-775-4480,904-514-9918,ahoneywell@honeywell.com
5811844,Tamar,Hoogland,740-343-8575,740-526-5410,tamar@hotmail.com
3362158,Ettie,Hoopengardner,509-755-5393,509-847-3352,ettie.hoopengardner@hotmail.com
6767243,Lera,Hua,506-556-4300,506-802-9529,lhua@aol.com
2044427,Lucille,Hubbell,250-904-7361,250-296-3277,lhubbell@yahoo.com
2145413,Mitzie,Hudnall,303-402-1940,303-997-7760,mitzie_hudnall@yahoo.com
8333281,Phyliss,Huelse,403-540-2604,403-247-1100,phyliss_huelse@aol.com
1578464,Deandrea,Hughey,336-822-7652,336-467-3095,deandrea@yahoo.com
714615,Carole,Hughlett,604-262-8556,604-598-8225,carole_hughlett@hughlett.com
6655523,Claudio,Hummell,403-481-8843,403-734-2361,claudio_hummell@hotmail.com
8327311,Selma,Husser,201-991-8369,201-772-7699,selma.husser@cox.net
7761232,Noemi,Ill,705-414-4712,705-511-8123,noemi_ill@ill.com
8120114,Veronika,Inouye,408-540-1785,408-813-4592,vinouye@aol.com
1165642,Bok,Isaacs,718-809-3762,718-478-8568,bok.isaacs@aol.com
4637480,Sheldon,Isachsen,902-330-7314,902-482-5940,sheldon@isachsen.org
5728018,Lettie,Isenhower,216-657-7668,216-733-8494,lettie_isenhower@yahoo.com
8237507,Allene,Iturbide,715-662-6764,715-530-9863,allene_iturbide@cox.net
7721062,Corazon,Ivaska,306-333-8933,306-513-1680,corazon@ivaska.org
6572312,Refugia,Jacobos,510-974-8671,510-509-3496,refugia.jacobos@jacobos.com
3486654,Lawanda,Jacocks,250-226-8113,250-239-2228,lawanda.jacocks@gmail.com
7667370,Eden,Jayson,410-890-7866,410-429-4888,eden_jayson@yahoo.com
4355326,Alline,Jeanty,574-656-2800,574-405-1983,ajeanty@gmail.com
6133674,Gilma,Jefferys,902-804-8543,902-756-4703,gjefferys@aol.com
7276237,Fernanda,Jillson,410-387-5260,410-724-6472,fjillson@aol.com
1474258,Verona,Jobst,514-842-7487,514-879-3678,verona_jobst@jobst.org
3702313,Deeanna,Juhas,215-211-9589,215-417-9563,deeanna_juhas@gmail.com
2245568,Caitlin,Julia,401-948-4982,401-552-9059,caitlin.julia@julia.org
5338124,Luisa,Jurney,617-365-2134,617-544-2541,ljurney@hotmail.com
4764373,Nickolas,Juvera,352-598-8301,352-947-6152,nickolas_juvera@cox.net
7171441,Sabine,Kaea,905-586-1138,905-717-7451,sabine@gmail.com
3554142,Noah,Kalafatis,414-263-5287,414-660-9766,noah.kalafatis@aol.com
6140864,Carla,Kallenberger,519-646-7797,519-560-6667,carla@aol.com
6631673,Raylene,Kampa,574-499-1454,574-330-1884,rkampa@kampa.org
2647874,Carlene,Kana,519-930-5055,519-842-4775,ckana@kana.com
4543322,Golda,Kaniecki,732-628-9909,732-617-5310,golda_kaniecki@yahoo.com
6432220,Regenia,Kannady,480-726-1280,480-205-5121,regenia.kannady@cox.net
161406,Kathrine,Kaper,902-500-1564,902-523-2488,kkaper@aol.com
5626341,Colette,Kardas,402-896-5943,402-707-1602,colette.kardas@yahoo.com
3110374,Corrie,Kardell,514-203-7817,514-329-4482,corrie_kardell@aol.com
3463378,Salena,Karpel,330-791-8557,330-618-2579,skarpel@cox.net
5637177,Karan,Karpin,503-940-8327,503-707-5812,karan_karpin@gmail.com
2537651,Brendan,Kasperek,604-947-9315,604-635-8588,brendan_kasperek@yahoo.com
353511,Shelba,Kast,902-654-7334,902-472-5783,shelba.kast@yahoo.com
7511066,Billi,Kazar,604-458-2387,604-624-1119,bkazar@hotmail.com
1721422,Ruthann,Keener,830-258-2769,830-919-5991,ruthann@hotmail.com
4324407,Garry,Keetch,215-979-8776,215-846-9046,garry_keetch@hotmail.com
3635364,Tayna,Keirnan,705-655-5936,705-731-4284,tayna_keirnan@gmail.com
3451621,Kate,Keneipp,920-353-6377,920-355-1610,kate_keneipp@yahoo.com
2881455,Hollis,Keomuangtai,905-928-5294,905-356-3061,hollis.keomuangtai@cox.net
1145323,Shawnee,Kesten,902-208-1038,902-514-6214,shawnee@yahoo.com
6714140,Dean,Ketelsen,516-847-4418,516-732-6649,dean_ketelsen@gmail.com
1412700,Ronnie,Kettelle,902-367-7042,902-331-8779,ronnie_kettelle@aol.com
806373,Virgie,Kiel,303-776-7548,303-845-5408,vkiel@hotmail.com
8567727,Donte,Kines,508-429-8576,508-843-1426,dkines@hotmail.com
4542626,Karrie,Kinikini,250-384-7658,250-661-6367,karrie_kinikini@kinikini.org
7843014,Deonna,Kippley,248-913-4677,248-793-4966,deonna_kippley@hotmail.com
1132735,Nguyet,Kitchens,403-883-4097,403-244-5802,nguyet_kitchens@yahoo.com
7024123,Gail,Kitty,907-435-9166,907-770-3542,gail@kitty.com
5773524,Chau,Kitzman,310-560-8022,310-969-7230,chau@gmail.com
3112063,Lashandra,Klang,610-809-1818,610-378-7332,lashandra@yahoo.com
8667416,Valentin,Klimek,312-303-5453,312-512-2338,vklimek@klimek.org
7706875,Karl,Klonowski,908-877-6135,908-470-4661,karl_klonowski@yahoo.com
5862872,Aileen,Klukken,416-390-4510,416-717-1243,aklukken@klukken.com
467715,Arlene,Klusman,504-710-5840,504-946-1807,arlene_klusman@gmail.com
3430374,Salina,Knavel,613-280-7170,613-942-9083,salina.knavel@gmail.com
2674561,Shay,Knieper,450-806-3050,450-206-4846,shay.knieper@gmail.com
8026857,Melodie,Knipp,805-690-1682,805-810-8964,mknipp@gmail.com
7235535,Lizbeth,Kohl,310-699-1222,310-955-5788,lizbeth@yahoo.com
226167,Curt,Kohlman,306-739-3437,306-337-6391,ckohlman@hotmail.com
2711225,Audra,Kohnert,615-406-7854,615-448-9249,audra@kohnert.com
3814527,Willard,Kolmetz,972-303-9197,972-896-4882,willard@hotmail.com
2763625,Willodean,Konopacki,337-253-8384,337-774-7564,willodean_konopacki@konopacki.org
2875470,Nan,Koppinger,336-370-5333,336-564-1492,nan@koppinger.com
6282077,Celeste,Korando,516-509-2347,516-365-7266,ckorando@hotmail.com
5762477,Buck,Kotow,807-668-2676,807-348-1562,buck_kotow@aol.com
6822142,Noe,Kotz,250-901-1245,250-491-3336,nkotz@kotz.org
6003524,Marva,Kountz,416-494-3939,416-280-4764,marva@gmail.com
3237225,Sue,Kownacki,972-666-3413,972-742-4000,sue@aol.com
302867,Blossom,Kraatz,416-631-1863,416-960-8915,blossom_kraatz@kraatz.org
5542632,Queenie,Kramarczyk,306-421-5793,306-302-7591,queenie.kramarczyk@kramarczyk.org
5335357,Ricarda,Kratt,902-614-2197,902-717-8376,rkratt@yahoo.com
6717315,Adolph,Krivanec,416-736-1436,416-293-9664,akrivanec@hotmail.com
6444274,Tawanna,Kuamoo,418-734-9693,418-227-5560,tawanna_kuamoo@gmail.com
7662643,Phil,Kuechler,418-940-4070,418-996-6859,phil_kuechler@gmail.com
7822637,Glory,Kulzer,410-224-9462,410-916-8015,gkulzer@kulzer.org
1646310,Willow,Kusko,212-582-4976,212-934-5167,wkusko@yahoo.com
2568023,Jose,Kylish,514-211-3774,514-504-3039,jose.kylish@aol.com
4364815,Willard,Lablanc,780-384-5410,780-835-8022,wlablanc@yahoo.com
7256286,Dulce,Labreche,248-357-8718,248-811-5696,dulce_labreche@yahoo.com
3343242,Kayleigh,Lace,337-740-9323,337-751-2326,kayleigh.lace@yahoo.com
2456566,Salome,Lacovara,804-550-5097,804-858-1011,slacovara@gmail.com
1523513,Leontine,Lafoy,418-271-8667,418-975-7693,llafoy@aol.com
3122135,Chandra,Lagos,416-716-6446,416-822-1760,chandra.lagos@lagos.org
6232721,Agustin,Lakatos,819-365-5394,819-820-9025,agustin.lakatos@hotmail.com
7738147,Dion,Lamastus,418-212-6756,418-702-5515,dion_lamastus@lamastus.com
4744478,Franchesca,Lamme,902-715-9684,902-291-8223,franchesca_lamme@yahoo.com
3366271,Madonna,Landman,250-307-7698,250-281-5616,madonna.landman@landman.com
6170652,Zoila,Lannigan,416-322-9207,416-344-1276,zlannigan@aol.com
2381165,Rosendo,Lanter,306-700-6743,306-714-9622,rosendo@hotmail.com
7261147,Cecil,Lapage,201-693-3967,201-856-2720,clapage@lapage.com
133617,Sanda,Laramie,250-700-8923,250-902-6776,slaramie@laramie.org
6265552,Dona,Larner,416-884-9104,416-488-1936,dona@hotmail.com
5011675,Lucina,Lary,321-749-4981,321-632-4668,lucina_lary@cox.net
4631563,Boris,Latif,418-459-4884,418-668-9068,boris.latif@latif.com
6736061,Lemuel,Latzke,631-748-6479,631-291-4976,lemuel.latzke@gmail.com
2482208,Merlyn,Lawler,201-588-7810,201-858-9960,merlyn_lawler@hotmail.com
1633611,Ma,Layous,203-721-3388,203-564-1543,mlayous@hotmail.com
2485848,Leonardo,Leahman,403-328-5056,403-988-3938,leonardo@aol.com
8311533,Rana,Lehn,905-286-8285,905-602-1487,rlehn@yahoo.com
6687560,Joanna,Leinenbach,561-470-4574,561-951-9734,joanna_leinenbach@hotmail.com
6645712,Nohemi,Leko,705-838-9265,705-876-8353,nohemi@aol.com
1567766,Tambra,Lembke,250-353-7479,250-437-2898,tlembke@lembke.org
8156446,Reita,Leto,317-234-1135,317-787-5514,reita.leto@gmail.com
7133121,Marion,Letran,819-966-7240,819-730-7626,marion_letran@cox.net
554276,Aron,Leuthold,604-637-3549,604-910-5870,aron_leuthold@leuthold.com
7360125,Jacquline,Libbey,418-682-7368,418-860-7541,jacquline@cox.net
7217588,Cherry,Lietz,248-980-6904,248-697-7722,cherry@lietz.com
2422074,Lavelle,Lillywhite,418-442-4179,418-719-1723,lavelle.lillywhite@hotmail.com
3182036,Marge,Limmel,850-430-1663,850-330-8079,marge@gmail.com
461667,Maile,Linahan,336-670-2640,336-364-6037,mlinahan@yahoo.com
5662327,Carmelina,Lindall,303-724-7371,303-874-5160,carmelina_lindall@lindall.com
2660148,Elza,Lipke,973-927-3447,973-796-3667,elza@yahoo.com
5252255,Adell,Lipkin,973-654-1561,973-662-8988,adell.lipkin@lipkin.com
2647202,Toshia,Lippoldt,418-759-7863,418-706-3704,toshia_lippoldt@aol.com
7033167,Gilma,Liukko,516-393-9967,516-407-9573,gilma_liukko@gmail.com
8232267,Lashaunda,Lizama,410-678-2473,410-912-6032,llizama@cox.net
6576768,Alex,Loader,253-660-7821,253-875-9222,alex@loader.com
5635724,Rodney,Lockamy,613-273-5773,613-555-5392,rodney_lockamy@aol.com
1667724,Corinne,Loder,508-942-4186,508-618-7826,corinne@loder.org
7726530,Tom,Loeza,514-487-6096,514-727-4760,tom.loeza@gmail.com
1223266,Nobuko,Logwood,519-739-4745,519-909-5200,nobuko.logwood@cox.net
1821553,Lawrence,Lorens,401-465-6432,401-893-1820,lawrence.lorens@hotmail.com
8727030,Broderick,Lorenz,306-285-1574,306-649-5882,broderick_lorenz@hotmail.com
3111523,Stacey,Lortz,416-310-1610,416-753-5069,stacey_lortz@aol.com
4415767,Cristy,Lother,760-971-4322,760-465-4762,cristy@lother.com
6132375,Kendra,Loud,506-363-1526,506-932-4472,kloud@gmail.com
7352112,Sheron,Louissant,718-976-8610,718-613-9994,sheron@aol.com
7744231,Anjelica,Lovero,902-386-1443,902-411-6380,anjelica@lovero.org
8245273,Jaime,Lowrance,204-438-6204,204-941-5253,jaime.lowrance@lowrance.org
5144176,Dorothea,Lowther,705-793-4986,705-509-4817,dorothea_lowther@yahoo.com
3556783,Yolando,Luczki,315-304-4759,315-640-6357,yolando@cox.net
537404,Mari,Lueckenbach,858-793-9684,858-228-5683,mari_lueckenbach@yahoo.com
7742321,Markus,Lukasik,586-970-7380,586-247-1614,markus@yahoo.com
7283251,Fannie,Lungren,512-587-5746,512-528-9933,fannie.lungren@yahoo.com
3062647,Otis,Luong,519-739-4515,519-213-7571,oluong@gmail.com
3775207,Florinda,Mackedanz,506-230-8075,506-590-6765,florinda_mackedanz@mackedanz.org
4227776,Abel,Maclead,631-335-3414,631-677-3675,amaclead@gmail.com
5383445,Kimbery,Madarang,973-310-1634,973-225-6259,kimbery_madarang@cox.net
7186767,Valene,Madson,418-646-3844,418-971-4887,valene@madson.org
1346611,Johna,Magathan,780-994-6272,780-550-9766,jmagathan@magathan.org
8480202,Alison,Mahlum,613-862-3122,613-259-2601,alison_mahlum@hotmail.com
3372672,Earleen,Mai,214-289-1973,214-785-6750,earleen_mai@cox.net
2616734,Vicki,Maikoksoong,604-231-6180,604-518-2078,vicki@gmail.com
5462551,Sharee,Maile,231-467-9978,231-265-6940,sharee_maile@aol.com
4335546,Venita,Maillard,714-523-6653,714-663-9740,venita_maillard@gmail.com
3273412,Janae,Mair,905-501-5086,905-960-1879,janae_mair@cox.net
7234513,Reena,Maisto,410-351-1863,410-951-2667,reena@hotmail.com
4562774,Darrel,Makley,506-839-5378,506-861-3998,dmakley@yahoo.com
7822000,Blair,Malet,215-907-9111,215-794-4519,bmalet@yahoo.com
6240644,Mirta,Mallett,212-870-1286,212-745-6948,mirta_mallett@gmail.com
6746548,Chaya,Malvin,734-928-5182,734-408-8174,chaya@malvin.com
270241,Meghann,Mamudoski,902-348-8759,902-216-8117,meghann@cox.net
2774236,Thurman,Manno,609-524-3586,609-234-8376,thurman.manno@yahoo.com
6178054,Huey,Marcille,780-639-3619,780-520-1241,huey.marcille@gmail.com
7305431,Providencia,Marien,613-256-5226,613-926-6903,providencia.marien@marien.com
2641232,Georgeanna,Marrano,905-366-7378,905-540-7836,gmarrano@gmail.com
5770321,Noel,Marrazzo,780-447-2249,780-642-7492,noel@cox.net
6744435,Kris,Marrier,410-655-8723,410-804-4694,kris@gmail.com
7156015,Lorean,Martabano,210-856-4979,210-634-2447,lorean.martabano@hotmail.com
7757614,Kassandra,Marushia,250-646-6446,250-571-5058,kassandra@gmail.com
6525465,Sina,Masiejczyk,416-369-7013,416-498-2476,smasiejczyk@cox.net
8486512,Nada,Massanet,604-570-1494,604-464-2579,nmassanet@yahoo.com
8157648,Macy,Massay,204-656-8450,204-825-5825,macy@hotmail.com
8757520,Avery,Masso,902-588-8947,902-665-5755,avery.masso@hotmail.com
4170811,Marjory,Mastella,610-814-5533,610-379-7125,mmastella@mastella.com
1352605,Jame,Mastro,519-920-7003,519-719-2960,jmastro@aol.com
1763535,Darrin,Mathiasen,450-536-7426,450-609-7284,dmathiasen@hotmail.com
8872725,Leslee,Matsuno,418-460-5773,418-543-9015,leslee_matsuno@matsuno.org
1327476,Latanya,Mattia,204-649-9481,204-615-1776,lmattia@yahoo.com
7643174,Olive,Matuszak,760-938-6069,760-745-2649,olive@aol.com
1186286,Elina,Maury,416-582-4379,416-549-4416,elina.maury@hotmail.com
8666660,Leonora,Mauson,973-412-2995,973-355-2120,leonora@yahoo.com
3543677,Marti,Maybury,773-775-4522,773-539-1058,marti.maybury@yahoo.com
4371113,Ranee,Maye,450-700-5970,450-769-7974,ranee_maye@maye.com
7645552,Chantell,Maynerich,651-591-2583,651-776-9688,chantell@yahoo.com
1362256,Darell,Mcalarney,905-846-7737,905-741-3908,darell_mcalarney@mcalarney.com
7175461,Susana,Mccarley,519-491-9261,519-394-8785,susana_mccarley@gmail.com
1311821,Lajuana,Mccloud,450-272-6370,450-704-8629,lajuana_mccloud@hotmail.com
4763602,Pamela,Mccoskey,450-282-1236,450-585-2368,pamela.mccoskey@gmail.com
5637425,Brett,Mccullan,619-461-9984,619-727-3892,brett.mccullan@mccullan.com
4342514,Mollie,Mcdoniel,419-975-3182,419-417-4674,mollie_mcdoniel@yahoo.com
4255368,Armanda,Mcduffie,450-866-7181,450-681-1613,armanda.mcduffie@hotmail.com
1311127,Chauncey,Mcelreath,613-908-7090,613-591-2817,chauncey.mcelreath@yahoo.com
6715476,Eura,Mcglocklin,306-979-2571,306-813-8269,eura@mcglocklin.org
6342362,Dominga,Mckeon,819-627-1581,819-974-1149,dominga_mckeon@yahoo.com
4053547,Gretchen,Mckeon,250-617-7197,250-339-8016,gretchen.mckeon@gmail.com
8682011,Elli,Mclaird,315-818-2638,315-474-5570,emclaird@mclaird.com
2765826,Dawne,Mcloud,905-760-9649,905-999-2576,dmcloud@cox.net
2034216,Nu,Mcnease,973-751-9003,973-903-4175,nu@gmail.com
7053326,Jettie,Mconnell,908-802-3564,908-602-5258,jmconnell@hotmail.com
5661165,Trinidad,Mcrae,415-331-9634,415-419-1597,trinidad_mcrae@yahoo.com
3418728,Emmett,Mcshaw,705-581-1220,705-779-8510,emmett_mcshaw@cox.net
5638827,Rosalyn,Mcspedon,613-362-7798,613-225-2285,rosalyn.mcspedon@mcspedon.org
7217245,Steffanie,Meinen,514-964-9106,514-644-9120,steffanie.meinen@cox.net
2767776,Vincent,Meinerding,215-372-1718,215-829-4221,vincent.meinerding@hotmail.com
4334346,Vinnie,Meir,416-862-7028,416-626-5219,vmeir@meir.com
5842332,Hana,Meisel,403-696-7108,403-666-1982,hana.meisel@yahoo.com
5424263,Margart,Meisel,513-617-2362,513-747-9603,margart_meisel@yahoo.com
2785186,Gracia,Melnyk,904-235-3633,904-627-4341,gracia@melnyk.com
6234054,Rashad,Menino,613-697-2555,613-841-5430,rashad.menino@menino.com
6137866,Oretha,Menter,617-418-5043,617-697-6024,oretha_menter@yahoo.com
1251016,Laticia,Merced,513-508-7371,513-418-1566,lmerced@gmail.com
5245277,Reyes,Mesmer,905-402-9203,905-297-5980,reyes@mesmer.org
7136687,Nichelle,Meteer,773-225-9985,773-857-2231,nichelle_meteer@meteer.com
6762401,Luis,Metzner,819-860-8913,819-747-5807,lmetzner@metzner.org
4436373,Edna,Miceli,814-460-2655,814-299-2877,emiceli@miceli.org
32524,Lavina,Michelet,514-842-3549,514-309-7294,lavina.michelet@michelet.org
5472316,Elise,Michelle,905-652-4509,905-695-9406,elise@gmail.com
7844423,Luann,Michon,514-578-7262,514-640-1941,luann@cox.net
8124135,Denna,Miklitz,450-409-1005,450-752-3781,dmiklitz@yahoo.com
5881077,Genevieve,Milionis,705-467-4142,705-764-8815,genevieve.milionis@hotmail.com
7503676,Becky,Mirafuentes,908-877-8409,908-426-8272,becky.mirafuentes@mirafuentes.com
4177825,Billye,Miro,601-567-5386,601-637-5479,billye_miro@cox.net
4142434,Noble,Miyata,519-346-6651,519-309-8584,noble_miyata@gmail.com
4278261,Tracey,Modzelewski,936-264-9294,936-988-8171,tracey@hotmail.com
8420750,Lazaro,Mollison,450-356-6427,450-270-3903,lazaro@gmail.com
3164774,Dolores,Moltz,506-216-2028,506-284-7449,dolores@yahoo.com
5670521,Clemencia,Momplaisir,514-804-3533,514-427-6426,cmomplaisir@yahoo.com
4600314,Amber,Monarrez,215-934-8655,215-329-6386,amber_monarrez@monarrez.org
6715522,Truman,Mondale,705-757-7389,705-234-5820,truman.mondale@aol.com
5322366,Vallie,Mondella,208-862-5339,208-737-8439,vmondella@mondella.com
3771785,Rikki,Montalgo,514-472-6857,514-563-2884,rikki@montalgo.com
1422154,Renea,Monterrubio,770-679-4752,770-930-9967,renea@hotmail.com
774043,Georgene,Montezuma,925-615-5185,925-943-3449,gmontezuma@cox.net
5123202,Simona,Morasca,419-503-2484,419-800-6759,simona@morasca.com
5445674,Chi,Morgan,418-922-5578,418-327-9560,chi@gmail.com
5612628,Elly,Morocco,814-393-5571,814-420-3553,elly_morocco@gmail.com
751544,Chauncey,Motley,407-413-4842,407-557-8857,chauncey_motley@aol.com
6730543,Taryn,Moyd,703-322-4041,703-938-7939,taryn.moyd@hotmail.com
5165341,Brinda,Mrkvicka,506-392-8334,506-912-9599,brinda.mrkvicka@gmail.com
6122400,Justine,Mugnolo,212-304-9225,212-311-6377,jmugnolo@yahoo.com
2415561,Timothy,Mulqueen,718-332-6527,718-654-7063,timothy_mulqueen@mulqueen.org
7556072,Levi,Munis,508-456-4907,508-658-7802,levi.munis@gmail.com
7433665,Myra,Munns,817-914-7518,817-451-3518,mmunns@cox.net
2713064,Xenia,Mushero,613-714-1829,613-877-4457,xenia@aol.com
78616,Stephane,Myricks,859-717-7638,859-308-4286,stephane_myricks@cox.net
3374526,Adelina,Nabours,216-230-4892,216-937-5320,adelina_nabours@gmail.com
4382424,Tarra,Nachor,415-411-1775,415-284-2730,tarra.nachor@cox.net
7704112,Lorriane,Naddeo,250-544-1482,250-738-4408,lorriane.naddeo@naddeo.org
7227476,Rikki,Nayar,305-968-9487,305-978-2069,rikki@nayar.com
3444114,Joye,Nedman,306-991-3698,306-775-6775,joye@cox.net
8573861,Percy,Neelon,418-537-1430,418-991-9193,percy_neelon@cox.net
5404841,Callie,Neikirk,905-465-6909,905-894-7244,callie.neikirk@neikirk.org
3267140,Matthew,Neither,952-651-7597,952-906-4597,mneither@yahoo.com
7425725,Dorsey,Neitzke,902-936-9426,902-336-1190,dorsey_neitzke@hotmail.com
2086406,Belen,Nelton,250-768-5812,250-801-3234,bnelton@gmail.com
5382333,Lorrie,Nestle,931-875-6644,931-303-6041,lnestle@hotmail.com
2113334,Lenna,Newville,919-623-2524,919-254-5987,lnewville@newville.com
8513312,Bette,Nicka,610-545-3615,610-492-4643,bette_nicka@cox.net
2244076,Wilson,Nickelson,416-376-7867,416-595-9807,wilson_nickelson@aol.com
6361631,Matt,Nickolich,306-891-2346,306-464-9089,matt@gmail.com
1665552,Cordelia,Nicks,905-975-4308,905-881-8675,cnicks@nicks.org
6350877,Herminia,Nicolozakes,602-954-5141,602-304-6433,herminia@nicolozakes.org
4675635,Erick,Nievas,773-704-9903,773-359-6109,erick_nievas@aol.com
3205674,Vallie,Nigl,604-848-3170,604-272-7228,vallie@yahoo.com
5541156,Ashton,Nitchals,905-725-6769,905-586-2298,ashton@cox.net
6708345,Adelle,Nitcher,905-998-3758,905-848-6892,anitcher@aol.com
8351554,Jerilyn,Norcia,519-978-7661,519-649-6721,jerilyn@hotmail.com
4205775,Vonda,Normandeau,450-706-3809,450-473-8682,vonda@yahoo.com
4723676,Carol,Normington,418-540-2207,418-264-8597,carol@gmail.com
5502434,Makeda,Nosis,416-827-4082,416-523-2691,makeda.nosis@yahoo.com
5534145,Gary,Nunlee,317-542-6023,317-887-8486,gary_nunlee@nunlee.org
2102170,Kaitlyn,Ogg,410-665-4903,410-773-3862,kaitlyn.ogg@gmail.com
3126541,Shala,Ogle,418-823-9061,418-311-3882,shala_ogle@ogle.org
2320264,Iluminada,Ohms,480-293-2882,480-866-6544,iluminada.ohms@yahoo.com
2667707,Desirae,Oien,403-405-2804,403-654-5087,desirae.oien@hotmail.com
6621601,Amie,Okuniewski,613-686-9039,613-257-6021,amie@yahoo.com
1415471,Dyan,Oldroyd,913-413-4604,913-645-8918,doldroyd@aol.com
8667314,Jovita,Oles,386-248-4118,386-208-6976,joles@gmail.com
4703371,Ollie,Oliverson,416-762-4001,416-291-7332,ooliverson@cox.net
51323,Antione,Onofrio,909-430-7765,909-665-3223,aonofrio@onofrio.com
2151072,Josefa,Opitz,519-788-7645,519-526-3721,josefa.opitz@opitz.org
4640404,Vivan,Oppy,306-325-3090,306-606-8869,voppy@gmail.com
2332431,Yaeko,Orndoff,519-625-4433,519-737-1130,yaeko_orndoff@orndoff.org
8826224,Jolene,Ostolaza,757-682-7116,757-940-1741,jolene@yahoo.com
2565811,Rozella,Ostrosky,805-832-6163,805-609-1531,rozella.ostrosky@ostrosky.com
1166778,Renay,Oviedo,416-336-6767,416-797-3846,renay.oviedo@oviedo.com
1823356,Linn,Paa,901-412-4381,901-573-9024,linn_paa@paa.com
7507023,Crissy,Pacholec,705-477-2307,705-523-6746,crissy@aol.com
2122486,Bulah,Padilla,254-463-4368,254-816-8417,bulah_padilla@hotmail.com
5556446,Laurel,Pagliuca,509-695-5199,509-595-6485,laurel@yahoo.com
4131042,Alpha,Palaia,856-312-2629,856-513-7024,alpha@yahoo.com
3434434,Shawna,Palaspas,805-275-3566,805-638-6617,shawna_palaspas@palaspas.org
5223645,Myra,Palenik,418-930-7475,418-341-2016,myra_palenik@palenik.com
5245681,Rory,Papasergi,570-867-7489,570-469-8401,rpapasergi@cox.net
8333415,Lenna,Paprocki,907-385-4412,907-921-2010,lpaprocki@hotmail.com
3747144,Moon,Parlato,585-866-8313,585-498-4278,moon@yahoo.com
338863,Arminda,Parvis,602-906-9419,602-277-3025,arminda@parvis.com
3113636,Lili,Paskin,201-431-2989,201-478-8540,lili.paskin@cox.net
8130457,Denise,Patak,407-446-4358,407-808-3254,denise@patak.org
1143355,Milly,Pattengale,780-799-6418,780-944-4851,milly@hotmail.com
5756626,Howard,Paulas,303-623-4241,303-692-3118,hpaulas@gmail.com
6733213,Gregoria,Pawlowicz,516-212-1915,516-376-4230,gpawlowicz@yahoo.com
3582546,Sarina,Pead,905-696-6221,905-927-3049,spead@cox.net
8544776,Annice,Peckens,250-727-7309,250-459-4257,apeckens@peckens.org
2346485,Jannette,Pedder,604-953-5335,604-889-3061,jpedder@pedder.com
6816164,Teddy,Pedrozo,203-892-3863,203-918-3939,teddy_pedrozo@aol.com
7352224,Candra,Peets,705-799-1235,705-462-8314,candra@hotmail.com
6752737,Mozell,Pelkowski,650-947-1215,650-960-1069,mpelkowski@pelkowski.org
7070761,Tequila,Pelletier,905-692-6934,905-353-9085,tequila_pelletier@cox.net
7734704,Shanice,Pennel,613-850-3405,613-270-1965,shanice.pennel@pennel.org
1313404,Herminia,Penso,780-740-5294,780-702-4324,hpenso@cox.net
341732,Allene,Perera,416-681-6822,416-806-8070,allene@yahoo.com
2237853,Devora,Perez,510-955-3016,510-755-9274,devora_perez@perez.org
3806521,Amie,Perigo,972-419-7946,972-898-1033,amie.perigo@yahoo.com
3056247,Lavera,Perin,305-606-7291,305-995-2078,lperin@perin.org
4117316,Paola,Perkins,780-573-8903,780-404-4349,paola.perkins@aol.com
5335457,Daniel,Perruzza,714-771-3880,714-531-1391,dperruzza@perruzza.com
7341513,Jin,Perry,416-463-6411,416-752-6995,jin_perry@gmail.com
2341746,Rosalind,Persechino,613-975-5760,613-310-5882,rosalind.persechino@aol.com
5204335,Jaime,Perugini,514-950-4495,514-371-6473,jaime_perugini@perugini.com
7350414,Colton,Pesqueira,905-796-8265,905-477-4223,cpesqueira@hotmail.com
7364676,Thea,Petermeier,418-360-6739,418-579-7203,thea@hotmail.com
5765171,Demetra,Peth,819-858-7901,819-901-7854,demetra_peth@aol.com
7644317,Glendora,Pezley,780-508-2609,780-799-6593,glendora.pezley@cox.net
1426614,Ryan,Phibbs,306-621-2626,306-246-7105,rphibbs@gmail.com
5313625,Vanna,Pickle,905-309-4565,905-538-1331,vanna_pickle@aol.com
2256478,Ashlyn,Pinilla,305-670-9628,305-857-5489,apinilla@cox.net
2632371,Esteban,Plantenberg,604-519-9547,604-747-2189,esteban@cox.net
3831717,Nieves,Planty,705-616-5386,705-997-9149,nplanty@gmail.com
5075222,Kimbery,Plikerd,250-504-9388,250-654-7546,kimbery.plikerd@cox.net
523441,Rickie,Plumer,419-693-1334,419-313-5571,rickie.plumer@aol.com
3062127,Katina,Polidori,978-626-2978,978-679-7429,katina_polidori@aol.com
7121726,Dell,Polino,819-255-1725,819-960-7659,dell_polino@polino.com
1540336,Cathrine,Pontoriero,806-703-1435,806-558-5848,cathrine.pontoriero@pontoriero.com
7442771,Mattie,Poquette,602-277-4385,602-953-6360,mattie@aol.com
3536254,Hui,Portaro,506-827-7755,506-276-4830,hui_portaro@cox.net
4768708,Oneida,Pospishil,819-511-9240,819-899-6940,opospishil@aol.com
751057,Felicidad,Poullion,856-305-9731,856-828-6021,fpoullion@poullion.com
3766766,Mindy,Presnal,604-213-8721,604-936-4293,mpresnal@yahoo.com
462138,Danilo,Pride,403-212-4945,403-888-9985,danilo_pride@hotmail.com
6021234,Stefanie,Prinkey,604-833-9067,604-290-6830,stefanie_prinkey@prinkey.org
3362274,Celestine,Pritt,613-875-3120,613-291-6460,celestine_pritt@cox.net
1735862,Starr,Prothro,418-811-3750,418-867-8129,sprothro@prothro.com
5244440,Pearline,Provenzano,905-734-9102,905-871-6252,pearline.provenzano@provenzano.org
6867271,Blondell,Pugh,401-960-8259,401-300-8122,bpugh@aol.com
3156540,Marnie,Purslow,204-904-1386,204-501-8129,marnie.purslow@purslow.com
2806485,Marquetta,Quinlisk,514-950-3156,514-450-3097,marquetta_quinlisk@aol.com
4725726,Lacresha,Quinones,450-213-1080,450-248-5946,lacresha@hotmail.com
1242453,Leoma,Rabago,250-810-7815,250-340-9574,leoma.rabago@hotmail.com
4084688,Kimberely,Rabuse,519-912-5533,519-814-7675,kimberely.rabuse@cox.net
336627,Julianna,Racer,506-752-6097,506-958-3152,jracer@cox.net
3513043,Evangelina,Radde,215-964-3284,215-417-5612,evangelina@aol.com
6522230,Leota,Ragel,706-221-4243,706-616-5131,leota.ragel@gmail.com
7101753,Oliva,Ramerez,403-690-1059,403-350-8194,oramerez@yahoo.com
2773440,Margo,Rand,905-781-3868,905-855-2524,margo@rand.org
5536817,Lauryn,Randol,604-236-4625,604-597-5482,lauryn@yahoo.com
1612641,My,Rantanen,215-491-5633,215-647-2158,my@hotmail.com
3446637,Melvin,Rather,819-418-3496,819-482-5865,melvin.rather@aol.com
5243777,Krissy,Rauser,631-443-4710,631-288-2866,krauser@cox.net
6435642,Francoise,Rautenstrauch,519-569-8399,519-978-6179,francoise.rautenstrauch@rautenstrauch.com
7342813,Marvel,Raymo,979-718-8968,979-809-5770,mraymo@yahoo.com
5623135,Jenelle,Regusters,813-932-8715,813-357-7296,jregusters@regusters.com
1804756,Ligia,Reiber,517-906-1108,517-747-7664,lreiber@cox.net
1437474,Shad,Reider,780-953-3852,780-872-1107,shad_reider@aol.com
2777428,Laurel,Reitler,410-520-4832,410-957-6903,laurel_reitler@reitler.com
7527716,Vi,Rentfro,732-605-4781,732-724-7251,vrentfro@cox.net
2563401,Theodora,Restrepo,305-936-8226,305-573-1085,theodora.restrepo@restrepo.com
6228577,Janine,Rhoden,718-228-5894,718-728-5051,jrhoden@yahoo.com
701413,Paulene,Rhule,418-348-2107,418-378-2652,paulene_rhule@rhule.org
7326654,Bobbye,Rhym,650-528-5783,650-811-9032,brhym@rhym.com
1567726,Micaela,Rhymes,925-647-3298,925-522-7798,micaela_rhymes@gmail.com
7177353,Chun,Richrdson,306-245-2534,306-697-2337,chun_richrdson@richrdson.org
2104602,Dalene,Riden,603-315-6839,603-745-7497,dalene.riden@aol.com
3764564,Ellsworth,Rieg,613-862-4724,613-414-6589,erieg@hotmail.com
6737377,Romana,Riesgraf,506-310-3728,506-411-4545,romana_riesgraf@hotmail.com
166487,Stanton,Rigazio,416-801-7398,416-974-8005,srigazio@rigazio.org
8278371,Gladys,Rim,414-661-9598,414-377-2880,gladys.rim@rim.org
660436,Talia,Riopelle,973-245-2133,973-818-9788,talia_riopelle@aol.com
1436217,Jeannine,Rippy,902-811-1450,902-423-9598,jeannine_rippy@rippy.com
4644552,Silva,Riviere,514-319-4125,514-592-7645,silva.riviere@riviere.org
523215,Glenn,Robinault,514-330-5479,514-322-5935,glenn.robinault@cox.net
8631742,Xuan,Rochin,650-933-5072,650-247-2625,xuan@gmail.com
6846383,Bernardine,Rodefer,901-901-4726,901-739-5892,bernardine_rodefer@yahoo.com
8643456,Terrilyn,Rodeigues,504-463-4384,504-635-8518,terrilyn.rodeigues@cox.net
5423145,Helene,Rodenberger,623-461-8551,623-426-4907,helene@aol.com
8477432,Stephanie,Rolling,306-510-5011,306-312-8273,srolling@rolling.org
5754143,Toi,Rollison,450-714-2875,450-600-2803,toi_rollison@rollison.com
3562445,Arlen,Romack,506-218-3036,506-871-1452,arlen.romack@yahoo.com
1507221,Glennis,Roseum,204-514-9319,204-206-2818,glennis.roseum@gmail.com
2818732,Brice,Rowe,613-631-9322,613-763-3880,brice_rowe@aol.com
7624521,Jacqueline,Rowling,814-865-8113,814-481-1700,jacqueline.rowling@yahoo.com
1715473,Maryann,Royster,518-966-7987,518-448-8982,mroyster@royster.com
1053842,Beata,Rubarts,250-808-6765,250-421-9805,beata_rubarts@aol.com
5480146,Freeman,Rudig,450-347-6388,450-586-7429,freeman@yahoo.com
3436152,Kati,Rulapaugh,785-463-7829,785-219-7724,kati.rulapaugh@hotmail.com
3352446,Nakisha,Russi,403-513-9660,403-207-3764,nakisha_russi@russi.com
5814220,Graciela,Ruta,440-780-8425,440-579-7763,gruta@cox.net
1312263,Sylvie,Ryser,918-644-9555,918-565-1706,sylvie@aol.com
1257563,Bo,Sabota,204-210-4967,204-591-6137,bo_sabota@sabota.com
7623283,Paz,Sahagun,601-927-8287,601-249-4511,paz_sahagun@cox.net
1743425,Benedict,Sama,314-787-1588,314-858-4832,bsama@cox.net
6520711,Cristal,Samara,213-975-8026,213-696-8004,cristal@cox.net
5426443,Lorean,Sammon,306-854-5060,306-553-6554,lorean@yahoo.com
1623217,Tammy,Sams,250-226-1002,250-625-6517,tammy_sams@sams.com
7745064,Estrella,Samu,608-976-7199,608-942-8836,estrella@aol.com
5352372,Polly,Sandusky,905-705-6018,905-227-7818,polly.sandusky@cox.net
8217605,Tennie,Santanna,819-261-5496,819-276-7974,tennie@aol.com
1474227,Hoa,Sarao,386-526-7800,386-599-7296,hoa@sarao.org
6463087,Sherita,Saras,719-669-1664,719-547-9543,sherita.saras@cox.net
201145,Glendora,Sarbacher,707-653-8214,707-881-3154,gsarbacher@gmail.com
2362177,Francesco,Sarchet,306-524-4509,306-353-2821,francesco@hotmail.com
6432518,Hassie,Sarkin,902-210-1513,902-488-5113,hassie_sarkin@aol.com
1506441,Eladia,Saulter,201-474-4924,201-365-8698,eladia@saulter.com
4436818,Nelida,Sawchuk,201-971-1638,201-247-8925,nelida@gmail.com
4543657,Rasheeda,Sayaphon,408-805-4309,408-997-7490,rasheeda@aol.com
1641305,Fatima,Saylors,952-768-2416,952-479-2375,fsaylors@saylors.org
6652226,Youlanda,Schemmer,541-548-8197,541-993-2611,youlanda@aol.com
3466634,Andra,Scheyer,503-516-2189,503-950-3068,andra@gmail.com
5171543,Glory,Schieler,325-869-2649,325-740-3778,glory@yahoo.com
3518445,Goldie,Schirpke,207-295-7569,207-748-3722,goldie.schirpke@yahoo.com
4528216,Staci,Schmaltz,626-866-2339,626-293-7678,staci_schmaltz@aol.com
6568115,Pamella,Schmierer,305-420-8970,305-575-8481,pamella.schmierer@schmierer.org
4423275,Gayla,Schnitzler,510-686-3407,510-441-4055,gschnitzler@gmail.com
1443633,Dalene,Schoeneck,215-268-1275,215-380-8820,dalene@schoeneck.org
2150118,Ilda,Schuring,780-830-2958,780-287-2408,ilda_schuring@schuring.com
5331153,Mitsue,Scipione,530-986-9272,530-399-3254,mscipione@scipione.com
5437214,Colby,Scotts,705-668-5094,705-288-6886,cscotts@aol.com
3560561,Shaun,Scovil,905-907-6615,905-984-4439,shaun_scovil@aol.com
8422425,Lilli,Scriven,325-631-1560,325-667-7868,lilli@aol.com
1553183,Shenika,Seewald,818-423-4007,818-749-8650,shenika@gmail.com
2726430,Kimi,Selfe,418-795-3880,418-432-2714,kimi@cox.net
8144686,Kasandra,Semidey,314-732-9131,314-697-3652,kasandra_semidey@semidey.com
1116450,Elke,Sengbusch,602-896-2993,602-575-3457,elke_sengbusch@yahoo.com
4175146,Ruby,Sensibaugh,604-553-2468,604-317-7478,ruby@sensibaugh.com
322545,Alishia,Sergi,212-860-1579,212-753-2740,asergi@gmail.com
370658,Ceola,Setter,207-627-7565,207-297-5029,ceola.setter@setter.org
5545374,Twila,Shadle,250-862-6746,250-548-7509,tshadle@shadle.com
672351,Shalon,Shadrick,718-232-2337,718-394-4974,shalon@cox.net
2457348,Kenia,Sharples,403-341-7208,403-217-4166,kenia_sharples@hotmail.com
1076186,Ozell,Shealy,212-332-8435,212-880-8865,oshealy@hotmail.com
2225167,Harris,Sheck,514-257-9319,514-774-5902,harris@cox.net
6625847,Tyra,Shields,215-255-1641,215-228-8264,tshields@gmail.com
3051712,Jesusa,Shin,931-273-8709,931-739-1551,jshin@shin.com
3887764,Solange,Shinko,504-979-9175,504-265-8174,solange@shinko.com
237515,Long,Shintaku,450-771-5010,450-679-3521,long.shintaku@shintaku.org
2246323,Van,Shire,908-409-2890,908-448-1209,van.shire@shire.com
4552275,Wayne,Shivers,418-374-1965,418-323-3965,wayne@aol.com
6642445,Bernadine,Shufelt,705-693-2982,705-715-3024,bernadine_shufelt@shufelt.org
2667728,India,Sifford,416-866-6707,416-539-4631,isifford@sifford.org
1224446,Beckie,Silvestrini,313-533-4884,313-390-7855,beckie.silvestrini@silvestrini.com
2142351,Gail,Similton,760-616-5388,760-493-9208,gail_similton@similton.com
2045532,Tayna,Sine,905-334-8817,905-989-2244,tayna_sine@sine.com
121264,Lashanda,Skahan,506-497-2698,506-543-5119,lashanda.skahan@aol.com
1132227,Hillary,Skulski,352-242-2570,352-990-5946,hillary.skulski@aol.com
3287583,Benton,Skursky,310-579-2907,310-694-8466,benton.skursky@aol.com
3373423,Glenna,Slayton,901-640-9178,901-869-4314,glenna_slayton@cox.net
3186331,Alisha,Slusarski,732-658-3154,732-635-3453,alisha@slusarski.com
4421760,Ty,Smith,201-672-1553,201-995-3149,tsmith@aol.com
4811256,Jimmie,Snelling,905-772-1416,905-958-5143,jimmie.snelling@gmail.com
2313468,Shelton,Spannuth,204-364-5889,204-941-7224,shelton.spannuth@yahoo.com
162566,Rolande,Spickerman,808-315-3077,808-526-5863,rolande.spickerman@spickerman.com
7044557,Lynsey,Sport,604-525-6939,604-485-8495,lynsey.sport@aol.com
2734258,Layla,Springe,212-260-3151,212-253-7448,layla.springe@cox.net
567107,Martina,Staback,407-471-6908,407-429-2145,martina_staback@staback.com
511120,Florencia,Stadel,519-961-7871,519-283-2137,fstadel@gmail.com
3474303,Yolande,Staiano,613-700-7712,613-896-1928,yolande_staiano@gmail.com
6245138,Marcelle,Staie,905-817-1934,905-209-2680,marcelle_staie@aol.com
6726488,Miriam,Stakes,905-441-5009,905-702-1792,miriam.stakes@yahoo.com
1033112,Leontine,Stalma,519-641-7145,519-623-8354,lstalma@stalma.org
3361127,Hollis,Stanfield,780-574-5620,780-994-8693,hollis.stanfield@aol.com
7871543,Cletus,Stapels,780-674-7330,780-675-7361,cletus_stapels@cox.net
325773,Tiffiny,Steffensmeier,305-385-9695,305-304-6573,tiffiny_steffensmeier@cox.net
443084,Avery,Steier,407-808-9439,407-945-8566,avery@cox.net
6325162,Lea,Steinhaus,905-618-8258,905-651-3298,lsteinhaus@cox.net
2055678,Ria,Steinhorst,418-319-1374,418-221-6034,ria.steinhorst@steinhorst.com
151773,Lizette,Stem,856-487-5412,856-702-3676,lizette.stem@aol.com
6373540,Alberto,Stenquist,905-435-9456,905-433-2538,alberto_stenquist@stenquist.org
8565017,Ernie,Stenseth,201-709-6245,201-387-9093,ernie_stenseth@aol.com
5513217,Antonette,Stimac,519-670-5269,519-574-5766,antonette_stimac@stimac.org
6564756,Portia,Stimmel,908-722-7128,908-670-4712,portia.stimmel@aol.com
5474845,Jose,Stockham,212-675-8570,212-569-4233,jose@yahoo.com
6043235,Slyvia,Stockham,418-913-7998,418-917-4111,slyvia.stockham@aol.com
5441037,Junita,Stoltzman,775-638-9963,775-578-1214,junita@aol.com
775624,Cordelia,Storment,337-566-6001,337-255-3427,cordelia_storment@aol.com
1557103,Margot,Storrs,905-309-5010,905-509-1001,mstorrs@cox.net
1275476,Belen,Strassner,770-507-8791,770-802-4003,belen_strassner@aol.com
7307677,Tenesha,Stropko,506-629-6209,506-306-3180,tenesha.stropko@aol.com
2307383,Lashawnda,Stuer,419-588-8719,419-399-1744,lstuer@cox.net
2232200,Peggie,Sturiale,619-608-1763,619-695-8086,peggie@cox.net
4351522,Caprice,Suell,615-246-1824,615-726-4537,caprice@aol.com
2456316,Hannah,Suero,905-543-3967,905-828-9745,hsuero@yahoo.com
2140216,Gwenn,Suffield,631-258-6558,631-295-9879,gwenn_suffield@suffield.org
5683017,Phuong,Sugai,450-501-4406,450-760-5225,psugai@gmail.com
3524751,King,Suman,418-470-4541,418-316-1403,king@cox.net
8433082,Nadine,Swartzbeck,450-353-2331,450-552-2449,nadine_swartzbeck@swartzbeck.org
1215244,Quentin,Swayze,734-561-6170,734-851-8571,quentin_swayze@yahoo.com
1662106,Tresa,Sweely,314-359-9566,314-231-3514,tresa_sweely@hotmail.com
4144717,Carmen,Sweigard,732-941-2621,732-445-6940,csweigard@sweigard.com
5827301,Ernest,Syrop,301-998-9644,301-257-4883,ernest@cox.net
160033,Annelle,Tagala,410-757-1035,410-234-2267,annelle@yahoo.com
6731361,Malissa,Talty,506-724-2777,506-251-4329,malissa@talty.org
8551326,Shenika,Tapian,613-219-1869,613-639-9327,shenika.tapian@aol.com
254504,Annice,Tartar,819-342-1651,819-685-5153,atartar@cox.net
142355,Filiberto,Tawil,323-765-2528,323-842-8226,ftawil@hotmail.com
6267714,Virgina,Tegarden,414-214-8697,414-411-5744,virgina_tegarden@tegarden.com
6036141,Vanda,Tentler,250-605-3501,250-603-4234,vanda_tentler@tentler.org
4837837,Elvis,Tenuta,403-415-1285,403-329-4641,elvis_tenuta@tenuta.org
1124147,Joanne,Teoh,905-219-6895,905-928-7775,joanne@yahoo.com
6026016,Tanesha,Tesseneer,416-568-3388,416-227-8643,tanesha_tesseneer@hotmail.com
6741741,Kerry,Theodorov,916-591-3277,916-770-7448,kerry.theodorov@gmail.com
2623576,Lelia,Thiemann,250-671-3851,250-798-7786,lelia.thiemann@yahoo.com
5366787,Odette,Thigpen,709-744-4165,709-750-3310,othigpen@thigpen.com
3237441,Leslie,Threets,914-861-9748,914-396-2615,leslie@cox.net
4716256,Hermila,Thyberg,401-893-4882,401-885-7681,hermila_thyberg@hotmail.com
5554657,Lon,Tibbles,905-233-1845,905-290-1867,lon.tibbles@cox.net
2382843,Leanna,Tijerina,416-719-2114,416-658-1773,leanna@cox.net
6347144,Catalina,Tillotson,609-373-3332,609-826-4990,catalina@hotmail.com
2586241,Loreta,Timenez,301-696-6420,301-392-6698,loreta.timenez@hotmail.com
2216374,Monte,Tindal,450-637-6499,450-285-2135,monte@cox.net
3610251,Leila,Titzer,403-733-8035,403-455-2552,leila_titzer@aol.com
7131683,Yvonne,Tjepkema,973-714-1721,973-976-8627,yvonne.tjepkema@hotmail.com
5177702,Viva,Toelkes,773-446-5569,773-352-3437,viva.toelkes@gmail.com
7571365,Latrice,Tolfree,631-957-7624,631-998-2102,latrice.tolfree@hotmail.com
1704286,Mitsue,Tollner,773-573-6914,773-924-8565,mitsue_tollner@yahoo.com
2264714,Dianne,Tomasic,902-938-6891,902-250-5089,dianne@yahoo.com
6464435,Whitley,Tomasulo,817-526-4408,817-819-7799,whitley.tomasulo@aol.com
1022643,Merissa,Tomblin,562-579-6900,562-719-7922,merissa.tomblin@gmail.com
6101203,Arlette,Torchio,514-459-6883,514-330-7587,arlette_torchio@hotmail.com
8725554,Barrett,Toyama,817-765-5781,817-577-6151,barrett.toyama@toyama.org
6610528,Ricki,Traux,514-657-1920,514-784-4720,ricki.traux@traux.com
3841766,Lucy,Treston,508-769-5250,508-502-5634,lucy@cox.net
2721571,Malcolm,Tromblay,703-221-5602,703-874-4248,malcolm_tromblay@cox.net
73257,Frank,Tryninewski,306-653-1772,306-265-2144,ftryninewski@gmail.com
3333542,Azzie,Tuazon,905-208-4039,905-788-7893,azzie.tuazon@hotmail.com
1142284,Darrin,Tumolillo,306-748-5721,306-438-8135,darrin@tumolillo.com
3648561,Kristeen,Turinetti,817-213-8851,817-947-9480,kristeen@gmail.com
728154,Felix,Tutterrow,519-426-7161,519-845-2626,ftutterrow@tutterrow.org
1684733,Krystal,Twyman,416-712-8230,416-253-3534,ktwyman@gmail.com
361451,Antonio,Unruh,604-624-7690,604-966-9833,antonio.unruh@hotmail.com
2871554,Raul,Upthegrove,619-509-5282,619-666-4765,rupthegrove@yahoo.com
167338,Sabra,Uyetake,803-925-5213,803-681-3678,sabra@uyetake.org
1565272,Jamal,Vanausdal,732-234-1546,732-904-2931,jamal@vanausdal.org
3413744,Veta,Vandeberg,506-996-1241,506-589-3482,vvandeberg@gmail.com
7412406,Carma,Vanheusen,510-503-7169,510-452-4835,carma@cox.net
7466185,Annamaria,Vanhuss,905-495-3301,905-988-1388,annamaria.vanhuss@cox.net
6334687,Claribel,Varriano,419-544-4900,419-573-2033,claribel_varriano@cox.net
4300616,Art,Venere,856-636-8749,856-264-4130,art@venere.org
5656312,Ciara,Ventura,845-823-8877,845-694-7919,cventura@yahoo.com
5817185,Malcom,Vereen,519-334-1058,519-795-5709,malcom.vereen@yahoo.com
1366022,Natalya,Verso,519-736-9305,519-935-3251,natalya_verso@yahoo.com
6353616,Paola,Vielma,905-456-1117,905-263-7711,paola_vielma@aol.com
5170528,Josphine,Villanueva,931-553-9774,931-486-6946,josphine_villanueva@villanueva.com
7061034,Fidelia,Vilven,416-892-4321,416-209-3419,fvilven@vilven.org
5605253,Stephaine,Vinning,415-767-6596,415-712-9530,stephaine@cox.net
1566027,Basilia,Vinroe,418-386-6120,418-417-9632,basilia.vinroe@gmail.com
7176137,Tish,Violett,450-840-7605,450-571-7613,tish.violett@violett.com
4555220,Sherly,Vitrano,902-480-3185,902-389-5380,svitrano@hotmail.com
8656243,Lashon,Vizarro,916-741-7884,916-289-4526,lashon@aol.com
446370,Francine,Vocelka,505-977-3911,505-335-5293,francine_vocelka@vocelka.com
4547426,Kattie,Vonasek,216-923-3715,216-270-9653,kattie@vonasek.org
2248635,Bettina,Vosmus,604-752-9256,604-539-9088,bettina@hotmail.com
3433772,Johnathon,Wadden,705-646-2781,705-719-2693,johnathon_wadden@hotmail.com
4432153,Miesha,Walen,705-646-4992,705-887-2415,miesha@aol.com
1387560,Hubert,Walthall,330-903-1345,330-566-8898,hubert@walthall.org
8765587,Iesha,Wardle,416-989-2001,416-615-4957,iesha@gmail.com
6847451,Tammara,Wardrip,650-803-1936,650-216-5075,twardrip@cox.net
2776045,Apolonia,Warne,506-978-1488,506-221-1874,apolonia@gmail.com
5713587,Terrilyn,Waska,819-670-6020,819-318-6187,terrilyn_waska@hotmail.com
4176347,Jaime,Wasurick,450-531-8633,450-988-2708,jaime_wasurick@hotmail.com
3213602,Kanisha,Waycott,323-453-2780,323-315-7314,kanisha_waycott@yahoo.com
318151,Norah,Waymire,415-306-7897,415-874-2984,norah.waymire@gmail.com
6778233,Nan,Weekly,519-928-8049,519-430-6684,nan@weekly.com
7837214,Lonny,Weglarz,801-293-9853,801-892-8781,lonny_weglarz@gmail.com
3526715,Hildegarde,Wehrwein,604-960-7463,604-475-5636,hwehrwein@gmail.com
841181,Penney,Weight,907-797-9628,907-873-2882,penney_weight@aol.com
7583582,Daren,Weirather,414-959-2540,414-838-3151,dweirather@aol.com
1780707,Cherelle,Welschmeyer,519-322-9933,519-310-1688,cherelle@hotmail.com
5872136,Tonette,Wenner,516-968-6051,516-333-4861,twenner@aol.com
7777682,Dick,Wenzinger,310-510-9713,310-936-2258,dick@yahoo.com
4354813,Stevie,Westerbeck,949-867-4077,949-903-3898,stevie.westerbeck@yahoo.com
6308488,Shakira,Westervelt,604-991-8721,604-514-6251,swestervelt@westervelt.org
5007656,Rochell,Wetherby,418-362-9768,418-405-7721,rwetherby@wetherby.org
5214167,Yuki,Whobrey,313-288-7937,313-341-4470,yuki_whobrey@aol.com
2234663,Jesse,Wida,905-356-4735,905-744-5778,jesse@wida.com
1556201,Paris,Wide,404-505-4445,404-607-8435,paris@hotmail.com
3555675,Angelyn,Wieand,905-838-3914,905-637-2696,angelyn_wieand@wieand.com
1735254,Sage,Wieser,605-414-2147,605-794-4895,sage_wieser@cox.net
1706280,Melissa,Wiklund,419-939-3613,419-254-4591,melissa@cox.net
7407022,Cassi,Wildfong,847-633-3216,847-755-9041,cassi.wildfong@aol.com
7804554,Amber,Windell,604-864-2113,604-902-5812,amber.windell@cox.net
1586555,Gertude,Witten,513-977-7043,513-863-9471,gertude.witten@gmail.com
3168660,Amalia,Wolfgang,519-219-3608,519-885-5104,amalia_wolfgang@wolfgang.org
166462,Irma,Wolfgramm,973-545-7355,973-868-8660,irma.wolfgramm@hotmail.com
332573,Lavonna,Wolny,703-483-1970,703-892-2914,lavonna.wolny@hotmail.com
4224347,Harley,Works,519-913-7772,519-633-3173,harley@cox.net
5025273,Lorrine,Worlds,813-769-2939,813-863-6467,lorrine.worlds@worlds.com
6626347,Afton,Wrinkle,613-851-7883,613-887-9528,awrinkle@wrinkle.org
7750264,Nana,Wrinkles,914-855-2115,914-796-3775,nana@aol.com
5772524,Doretha,Wykle,807-383-4855,807-878-5383,doretha@yahoo.com
3442570,Willis,Wylie,418-833-1949,418-933-6430,willis@yahoo.com
771460,Felton,Yafuso,613-749-1169,613-603-5671,felton.yafuso@gmail.com
6106146,Enola,Yandow,902-539-1621,902-831-6815,eyandow@cox.net
2363218,Audry,Yaw,813-797-4816,813-744-7100,audry.yaw@yaw.org
2466438,Yong,Yestramski,519-344-3979,519-322-6001,yong_yestramski@aol.com
3545632,Maurine,Yglesias,414-748-1374,414-573-7719,maurine_yglesias@yglesias.com
8437515,Shawnda,Yori,407-538-5106,407-564-8113,shawnda.yori@yahoo.com
6062256,Dierdre,Yum,215-325-3042,215-346-4666,dyum@yahoo.com
1212212,Serina,Zagen,260-273-3725,260-382-4869,szagen@aol.com
4667437,Sheridan,Zane,951-645-3605,951-248-6822,sheridan.zane@zane.com
6375686,Hyun,Zarazua,519-287-4120,519-450-3369,hyun_zarazua@cox.net
1264536,Louis,Zarling,418-568-3216,418-396-2430,louis@zarling.com
3726012,Denny,Zeanah,514-224-2722,514-928-4314,denny_zeanah@zeanah.com
7014851,Davida,Zeng,450-375-8192,450-274-3903,davida_zeng@yahoo.com
5275841,Vincenza,Zepp,619-603-5125,619-935-6661,vzepp@gmail.com
7274114,Carry,Ziller,519-847-8783,519-902-8276,carry@cox.net
2023211,Cordell,Zinda,819-508-6057,819-313-7350,cordell_zinda@cox.net
1733265,Asha,Zoldak,418-470-9730,418-997-7008,asha_zoldak@hotmail.com
2617725,Maynard,Zufall,604-875-7745,604-708-6687,mzufall@gmail.com
6524076,Jerry,Zurcher,321-518-5938,321-597-2159,jzurcher@zurcher.org
